{"id":"29bd4304-0b9f-438e-93b0-6888ede29366","name":"Aceptar Rechazar Propuesta","key":"aceptarrechazarpropuesta","description":"","editorJson":{"name":"Aceptar Rechazar Propuesta","key":"aceptarrechazarpropuesta","version":0,"fields":[{"fieldType":"OptionFormField","id":"aceptarpropuesta","name":"Aceptar Propuesta","type":"radio-buttons","value":"No","required":false,"readOnly":false,"overrideId":false,"placeholder":null,"layout":null,"sizeX":0,"sizeY":2,"optionType":null,"hasEmptyValue":null,"options":[{"id":null,"name":"No"},{"id":null,"name":"Si"}]}],"outcomes":[]}}