{"id":"cfdb5643-ba84-44b6-8edd-501a3980f8f8","name":"ingreso Docentes","key":"ingreso_docentes","description":"","editorJson":{"name":"ingreso Docentes","key":"ingreso_docentes","version":0,"fields":[{"fieldType":"OptionFormField","id":"docenteuno","name":"docenteuno","type":"dropdown","value":"Please choose one...","required":false,"readOnly":false,"overrideId":false,"placeholder":null,"layout":null,"sizeX":0,"sizeY":1,"optionType":null,"hasEmptyValue":true,"options":[{"id":null,"name":"Please choose one..."},{"id":null,"name":"11111111"},{"id":null,"name":"22222222"},{"id":null,"name":"33333333"},{"id":null,"name":"44444444"}]},{"fieldType":"OptionFormField","id":"docentedos","name":"docentedos","type":"dropdown","value":"Please choose one...","required":false,"readOnly":false,"overrideId":false,"placeholder":null,"layout":null,"sizeX":0,"sizeY":1,"optionType":null,"hasEmptyValue":true,"options":[{"id":null,"name":"Please choose one..."},{"id":null,"name":"11111111"},{"id":null,"name":"22222222"},{"id":null,"name":"33333333"},{"id":null,"name":"44444444"}]},{"fieldType":"OptionFormField","id":"docentetres","name":"docentetres","type":"dropdown","value":"Please choose one...","required":false,"readOnly":false,"overrideId":false,"placeholder":null,"layout":null,"sizeX":0,"sizeY":1,"optionType":null,"hasEmptyValue":true,"options":[{"id":null,"name":"Please choose one..."},{"id":null,"name":"11111111"},{"id":null,"name":"22222222"},{"id":null,"name":"33333333"},{"id":null,"name":"44444444"}]},{"fieldType":"ExpressionFormField","id":"label","name":"Label","type":"expression","value":null,"required":false,"readOnly":false,"overrideId":false,"placeholder":null,"layout":null,"sizeX":0,"sizeY":0,"expression":"${fechaIniPostulacion}"},{"fieldType":"ExpressionFormField","id":"label","name":"Label","type":"expression","value":null,"required":false,"readOnly":false,"overrideId":false,"placeholder":null,"layout":null,"sizeX":0,"sizeY":0,"expression":"${fechaFinPostulacion}"},{"fieldType":"OptionFormField","id":"referente","name":"referente","type":"dropdown","value":"Please choose one...","required":false,"readOnly":false,"overrideId":false,"placeholder":null,"layout":null,"sizeX":0,"sizeY":1,"optionType":null,"hasEmptyValue":true,"options":[{"id":null,"name":"Please choose one..."},{"id":null,"name":"11111111"},{"id":null,"name":"22222222"},{"id":null,"name":"33333333"},{"id":null,"name":"44444444"}]}],"outcomes":[]}}