{"id":"262bd46b-f9c3-4476-92f7-60d27b0ea2dd","name":"Priorizar Lista Postulantes","key":"priorizar_lista_postulantes","description":"","editorJson":{"name":"Priorizar Lista Postulantes","key":"priorizar_lista_postulantes","version":0,"fields":[{"fieldType":"ExpressionFormField","id":"label","name":"Label","type":"expression","value":null,"required":false,"readOnly":false,"overrideId":false,"placeholder":null,"layout":null,"sizeX":0,"sizeY":0,"expression":"${postulacion.getCedula()}"},{"fieldType":"ExpressionFormField","id":"label","name":"Label","type":"expression","value":null,"required":false,"readOnly":false,"overrideId":false,"placeholder":null,"layout":null,"sizeX":0,"sizeY":0,"expression":"${postulacion.getNombre()}"},{"fieldType":"FormField","id":"prioridad","name":"Prioridad","type":"integer","value":null,"required":true,"readOnly":false,"overrideId":false,"placeholder":null,"layout":null,"sizeX":0,"sizeY":0}],"outcomes":[]}}