{"id":"6bc4d839-b766-4c36-8c22-de409698845d","name":"Analizar propuesta","key":"Analizarpropuesta","description":"","editorJson":{"name":"Analizar propuesta","key":"Analizarpropuesta","version":0,"fields":[{"fieldType":"FormField","id":"nombredelllamado","name":"Nombre del llamado","type":"text","value":null,"required":false,"readOnly":false,"overrideId":false,"placeholder":null,"layout":null,"sizeX":0,"sizeY":0},{"fieldType":"FormField","id":"fechainiciopostulaciones","name":"Fecha inicio postulaciones","type":"date","value":null,"required":false,"readOnly":false,"overrideId":false,"placeholder":null,"layout":null,"sizeX":0,"sizeY":0},{"fieldType":"FormField","id":"fechafinpostulaciones","name":"Fecha fin postulaciones","type":"date","value":null,"required":false,"readOnly":false,"overrideId":false,"placeholder":null,"layout":null,"sizeX":0,"sizeY":0},{"fieldType":"FormField","id":"bases","name":"Bases","type":"multi-line-text","value":null,"required":false,"readOnly":false,"overrideId":false,"placeholder":null,"layout":null,"sizeX":0,"sizeY":0},{"fieldType":"FormField","id":"aprueba","name":"Aprueba?","type":"boolean","value":null,"required":false,"readOnly":false,"overrideId":false,"placeholder":null,"layout":null,"sizeX":0,"sizeY":0}],"outcomes":[]}}