{"id":"f01a01f0-15ee-4ef0-909d-428b2146298c","name":"Evaluar propuesta y definir fechas","key":"EvaluarPropuestaDefinirFechas","description":"","editorJson":{"name":"Evaluar propuesta y definir fechas","key":"EvaluarPropuestaDefinirFechas","version":0,"fields":[{"fieldType":"FormField","id":"nombredelllamado","name":"Nombre del llamado","type":"text","value":null,"required":false,"readOnly":false,"overrideId":false,"placeholder":null,"layout":null,"sizeX":0,"sizeY":0},{"fieldType":"FormField","id":"fechainiciopostulaciones","name":"Fecha inicio postulaciones","type":"date","value":null,"required":false,"readOnly":false,"overrideId":false,"placeholder":null,"layout":null,"sizeX":0,"sizeY":0},{"fieldType":"FormField","id":"fechafinpostulaciones","name":"Fecha fin postulaciones","type":"date","value":null,"required":false,"readOnly":false,"overrideId":false,"placeholder":null,"layout":null,"sizeX":0,"sizeY":0},{"fieldType":"FormField","id":"bases","name":"Bases","type":"multi-line-text","value":null,"required":false,"readOnly":false,"overrideId":false,"placeholder":null,"layout":null,"sizeX":0,"sizeY":0},{"fieldType":"FormField","id":"fechainiciodecidida","name":"Fecha inicio decidida","type":"date","value":null,"required":true,"readOnly":false,"overrideId":false,"placeholder":null,"layout":null,"sizeX":0,"sizeY":0},{"fieldType":"FormField","id":"fechafindecidida","name":"Fecha fin decidida","type":"date","value":null,"required":true,"readOnly":false,"overrideId":false,"placeholder":null,"layout":null,"sizeX":0,"sizeY":0}],"outcomes":[]}}