{"id":"87e25e53-c86c-48b1-83f6-541618d0f175","name":"Analizar y evaluar lista","key":"analizaryevaluarlista","description":"","editorJson":{"name":"Analizar y evaluar lista","key":"analizaryevaluarlista","version":0,"fields":[{"fieldType":"OptionFormField","id":"aprobarlista","name":"Aprobar lista","type":"radio-buttons","value":"Aprobar","required":false,"readOnly":false,"overrideId":false,"placeholder":null,"layout":null,"sizeX":0,"sizeY":2,"optionType":null,"hasEmptyValue":null,"options":[{"id":null,"name":"Reconsideracion"},{"id":null,"name":"Aprobar"}]}],"outcomes":[]}}