{"id":"8cd2794f-456b-4a70-8de7-42d399eda97c","name":"Recibir Informacion","key":"RecibirInformacion","description":"","editorJson":{"name":"Recibir Informacion","key":"RecibirInformacion","version":0,"fields":[{"fieldType":"FormField","id":"nombreactualizado","name":"Nombre Actualizado","type":"text","value":null,"required":false,"readOnly":false,"overrideId":false,"placeholder":null,"layout":null,"sizeX":0,"sizeY":0},{"fieldType":"FormField","id":"creditosactualizados","name":"Creditos Actualizados","type":"integer","value":null,"required":false,"readOnly":false,"overrideId":false,"placeholder":null,"layout":null,"sizeX":0,"sizeY":0}],"outcomes":[]}}