{"id":"8b697916-5803-4320-b99b-619a6a3d6104","name":"Recibir lista DGRC","key":"recibirlistadgrc","description":"","editorJson":{"name":"Recibir lista DGRC","key":"recibirlistadgrc","version":0,"fields":[{"fieldType":"ExpressionFormField","id":"label","name":"Label","type":"expression","value":null,"required":false,"readOnly":false,"overrideId":false,"placeholder":null,"layout":null,"sizeX":0,"sizeY":0,"expression":"${postulacion.getCedula()}"},{"fieldType":"ExpressionFormField","id":"label","name":"Label","type":"expression","value":null,"required":false,"readOnly":false,"overrideId":false,"placeholder":null,"layout":null,"sizeX":0,"sizeY":0,"expression":"${postulacion.getNombre()}"},{"fieldType":"FormField","id":"prioridaddgrc","name":"Prioridad DGRC","type":"integer","value":null,"required":true,"readOnly":false,"overrideId":false,"placeholder":null,"layout":null,"sizeX":0,"sizeY":0}],"outcomes":[]}}