{"id":"c2ac4697-2619-4395-af25-97380243bf32","name":"Postularse","key":"postularse","description":"","editorJson":{"name":"Postularse","key":"postularse","version":0,"fields":[{"fieldType":"FormField","id":"nombrepostulante","name":"Nombre Postulante","type":"text","value":null,"required":true,"readOnly":false,"overrideId":false,"placeholder":null,"layout":null,"sizeX":0,"sizeY":0},{"fieldType":"FormField","id":"apellidopostulante","name":"Apellido Postulante","type":"text","value":null,"required":true,"readOnly":false,"overrideId":false,"placeholder":null,"layout":null,"sizeX":0,"sizeY":0},{"fieldType":"FormField","id":"cedulapostulante","name":"Cedula Postulante","type":"text","value":null,"required":true,"readOnly":false,"overrideId":false,"placeholder":null,"layout":null,"sizeX":0,"sizeY":0},{"fieldType":"FormField","id":"carrerapostulacion","name":"Carrera Postulacion","type":"text","value":null,"required":true,"readOnly":false,"overrideId":false,"placeholder":null,"layout":null,"sizeX":0,"sizeY":0},{"fieldType":"FormField","id":"creditospostulante","name":"Creditos Postulante","type":"integer","value":null,"required":true,"readOnly":false,"overrideId":false,"placeholder":null,"layout":null,"sizeX":0,"sizeY":0},{"fieldType":"FormField","id":"universidaddestinopostulante","name":"Universidad Destino Postulante","type":"text","value":null,"required":true,"readOnly":false,"overrideId":false,"placeholder":null,"layout":null,"sizeX":0,"sizeY":0}],"outcomes":[]}}