{"id":"c10dad87-2544-4ef4-9f98-c0f1b872b98c","name":"Analizar y evaluar lista","key":"analizaryevaluarlista","description":"","editorJson":{"name":"Analizar y evaluar lista","key":"analizaryevaluarlista","version":0,"fields":[{"fieldType":"OptionFormField","id":"aprobarlista","name":"Aprobar lista","type":"radio-buttons","value":"Aprobar","required":false,"readOnly":false,"overrideId":false,"placeholder":null,"layout":null,"sizeX":0,"sizeY":2,"optionType":null,"hasEmptyValue":null,"options":[{"id":null,"name":"Reconsideracion"},{"id":null,"name":"Aprobar"}]}],"outcomes":[]}}