{"id":"8ee06d9d-aa64-4e6a-8624-5ad66a8e3fc3","name":"Ingresar al orden del dia","key":"ingresarordendeldia","description":"","editorJson":{"name":"Ingresar al orden del dia","key":"ingresarordendeldia","version":0,"fields":[{"fieldType":"FormField","id":"fechaingreso","name":"Fecha ingreso","type":"date","value":null,"required":true,"readOnly":false,"overrideId":false,"placeholder":null,"layout":null,"sizeX":0,"sizeY":0},{"fieldType":"FormField","id":"observaciones","name":"Observaciones","type":"multi-line-text","value":null,"required":false,"readOnly":false,"overrideId":false,"placeholder":null,"layout":null,"sizeX":0,"sizeY":0}],"outcomes":[]}}