{"id":"fe2963f3-8d4f-4dd7-87e7-cbe6e0d8f1f9","name":"realizar entrevista","key":"realizarentrevista","description":"","editorJson":{"name":"realizar entrevista","key":"realizarentrevista","version":0,"fields":[{"fieldType":"FormField","id":"entrevistarealizada","name":"Entrevista Realizada","type":"multi-line-text","value":null,"required":true,"readOnly":false,"overrideId":false,"placeholder":"Ingrese los datos (preguntas y respuestas) de la entrevista realizada","layout":null,"sizeX":0,"sizeY":0},{"fieldType":"OptionFormField","id":"valoracionentrevista","name":"Valoracion Entrevista","type":"radio-buttons","value":"Excelente","required":true,"readOnly":false,"overrideId":false,"placeholder":null,"layout":null,"sizeX":0,"sizeY":2,"optionType":null,"hasEmptyValue":null,"options":[{"id":null,"name":"-"},{"id":null,"name":"Insuficiente"},{"id":null,"name":"Aceptable"},{"id":null,"name":"Excelente"}]}],"outcomes":[]}}