{"id":"e77a5cb1-648c-4f1a-8033-e80f52ab8620","name":"Recibir Movilidad Academica","key":"recibir_movilidad_academica","description":"El llamado enviado por DGRC","editorJson":{"name":"Recibir Movilidad Academica","key":"recibir_movilidad_academica","version":0,"fields":[{"fieldType":"FormField","id":"nombre","name":"Nombre","type":"text","value":null,"required":true,"readOnly":false,"overrideId":false,"placeholder":null,"layout":null,"sizeX":0,"sizeY":0},{"fieldType":"FormField","id":"identificacionconvocatoria","name":"Identificacion Convocatoria","type":"text","value":null,"required":true,"readOnly":false,"overrideId":false,"placeholder":null,"layout":null,"sizeX":0,"sizeY":0},{"fieldType":"FormField","id":"fechainicio","name":"Fecha inicio","type":"date","value":null,"required":true,"readOnly":false,"overrideId":false,"placeholder":null,"layout":null,"sizeX":0,"sizeY":0},{"fieldType":"FormField","id":"fechafin","name":"Fecha fin","type":"date","value":null,"required":true,"readOnly":false,"overrideId":false,"placeholder":null,"layout":null,"sizeX":0,"sizeY":0},{"fieldType":"OptionFormField","id":"universidadid","name":"universidadid","type":"dropdown","value":"Please choose one...","required":false,"readOnly":false,"overrideId":false,"placeholder":null,"layout":null,"sizeX":0,"sizeY":1,"optionType":null,"hasEmptyValue":true,"options":[{"id":null,"name":"Please choose one..."},{"id":null,"name":"1"},{"id":null,"name":"2"},{"id":null,"name":"3"},{"id":null,"name":"4"},{"id":null,"name":"5"},{"id":null,"name":"6"},{"id":null,"name":"7"}]},{"fieldType":"FormField","id":"computacion","name":"Computacion","type":"boolean","value":null,"required":false,"readOnly":false,"overrideId":false,"placeholder":null,"layout":null,"sizeX":0,"sizeY":0},{"fieldType":"FormField","id":"produccion","name":"Produccion","type":"boolean","value":null,"required":false,"readOnly":false,"overrideId":false,"placeholder":null,"layout":null,"sizeX":0,"sizeY":0},{"fieldType":"FormField","id":"civil","name":"Civil","type":"boolean","value":null,"required":false,"readOnly":false,"overrideId":false,"placeholder":null,"layout":null,"sizeX":0,"sizeY":0},{"fieldType":"FormField","id":"electrica","name":"Electrica","type":"boolean","value":null,"required":false,"readOnly":false,"overrideId":false,"placeholder":null,"layout":null,"sizeX":0,"sizeY":0},{"fieldType":"FormField","id":"duracion","name":"Duracion","type":"integer","value":null,"required":true,"readOnly":false,"overrideId":false,"placeholder":null,"layout":null,"sizeX":0,"sizeY":0},{"fieldType":"FormField","id":"bases","name":"Bases","type":"multi-line-text","value":null,"required":true,"readOnly":false,"overrideId":false,"placeholder":null,"layout":null,"sizeX":0,"sizeY":0},{"fieldType":"FormField","id":"descripcion","name":"Descripcion","type":"multi-line-text","value":null,"required":true,"readOnly":false,"overrideId":false,"placeholder":null,"layout":null,"sizeX":0,"sizeY":0},{"fieldType":"FormField","id":"nombrecontacto","name":"nombre  contacto","type":"text","value":null,"required":true,"readOnly":false,"overrideId":false,"placeholder":null,"layout":null,"sizeX":0,"sizeY":0},{"fieldType":"FormField","id":"emailcontacto","name":"email contacto","type":"text","value":null,"required":true,"readOnly":false,"overrideId":false,"placeholder":null,"layout":null,"sizeX":0,"sizeY":0}],"outcomes":[]}}