{"id":"e13f328c-7217-41c9-81a9-ec8f875b6786","name":"Aceptar Rechazar Propuesta","key":"aceptarrechazarpropuesta","description":"","editorJson":{"name":"Aceptar Rechazar Propuesta","key":"aceptarrechazarpropuesta","version":0,"fields":[{"fieldType":"OptionFormField","id":"aceptarpropuesta","name":"Aceptar Propuesta","type":"radio-buttons","value":"No","required":false,"readOnly":false,"overrideId":false,"placeholder":null,"layout":null,"sizeX":0,"sizeY":2,"optionType":null,"hasEmptyValue":null,"options":[{"id":null,"name":"No"},{"id":null,"name":"Si"}]}],"outcomes":[]}}