{"id":"8a8614f7-852f-4022-9677-f097409db075","name":"Firmar Contratos","key":"firmarcontratos","description":"","editorJson":{"name":"Firmar Contratos","key":"firmarcontratos","version":0,"fields":[{"fieldType":"ExpressionFormField","id":"label","name":"Label","type":"expression","value":null,"required":false,"readOnly":false,"overrideId":false,"placeholder":null,"layout":null,"sizeX":0,"sizeY":0,"expression":"${postulacion.getCedula()}"},{"fieldType":"FormField","id":"firmarcontrato","name":"Firmar Contrato","type":"boolean","value":null,"required":true,"readOnly":false,"overrideId":false,"placeholder":null,"layout":null,"sizeX":0,"sizeY":0}],"outcomes":[]}}