{"id":"56153173-5bdd-4386-a3fe-482505266832","name":"Ingresar al orden del dia","key":"ingresarordendeldia","description":"","editorJson":{"name":"Ingresar al orden del dia","key":"ingresarordendeldia","version":0,"fields":[{"fieldType":"FormField","id":"fechaingreso","name":"Fecha ingreso","type":"date","value":null,"required":true,"readOnly":false,"overrideId":false,"placeholder":null,"layout":null,"sizeX":0,"sizeY":0},{"fieldType":"FormField","id":"observaciones","name":"Observaciones","type":"multi-line-text","value":null,"required":false,"readOnly":false,"overrideId":false,"placeholder":null,"layout":null,"sizeX":0,"sizeY":0}],"outcomes":[]}}