{"id":"24e4e17a-46ac-484e-abec-2371345a0d05","name":"Postularse","key":"postularse","description":"","editorJson":{"name":"Postularse","key":"postularse","version":0,"fields":[{"fieldType":"FormField","id":"nombrepostulante","name":"Nombre Postulante","type":"text","value":null,"required":true,"readOnly":false,"overrideId":false,"placeholder":null,"layout":null,"sizeX":0,"sizeY":0},{"fieldType":"FormField","id":"apellidopostulante","name":"Apellido Postulante","type":"text","value":null,"required":true,"readOnly":false,"overrideId":false,"placeholder":null,"layout":null,"sizeX":0,"sizeY":0},{"fieldType":"FormField","id":"cedulapostulante","name":"Cedula Postulante","type":"text","value":null,"required":true,"readOnly":false,"overrideId":false,"placeholder":null,"layout":null,"sizeX":0,"sizeY":0},{"fieldType":"FormField","id":"carrerapostulante","name":"Carrera Postulante","type":"text","value":null,"required":true,"readOnly":false,"overrideId":false,"placeholder":null,"layout":null,"sizeX":0,"sizeY":0},{"fieldType":"FormField","id":"creditospostulante","name":"Creditos Postulante","type":"integer","value":null,"required":true,"readOnly":false,"overrideId":false,"placeholder":null,"layout":null,"sizeX":0,"sizeY":0},{"fieldType":"OptionFormField","id":"universidadpostulante","name":"universidadpostulante","type":"dropdown","value":"Please choose one...","required":false,"readOnly":false,"overrideId":false,"placeholder":null,"layout":null,"sizeX":0,"sizeY":1,"optionType":null,"hasEmptyValue":true,"options":[{"id":null,"name":"Please choose one..."},{"id":null,"name":"1"},{"id":null,"name":"2"},{"id":null,"name":"3"},{"id":null,"name":"4"},{"id":null,"name":"5"},{"id":null,"name":"6"},{"id":null,"name":"7"}]}],"outcomes":[]}}