{"id":"57d18a9e-9efb-4dfa-a6ea-33a7cd5cb370","name":"ingreso Docentes","key":"ingreso_docentes","description":"","editorJson":{"name":"ingreso Docentes","key":"ingreso_docentes","version":0,"fields":[{"fieldType":"FormField","id":"docenteuno","name":"Docente Uno","type":"text","value":null,"required":true,"readOnly":false,"overrideId":false,"placeholder":null,"layout":null,"sizeX":0,"sizeY":0},{"fieldType":"FormField","id":"docentedos","name":"Docente Dos","type":"text","value":null,"required":true,"readOnly":false,"overrideId":false,"placeholder":null,"layout":null,"sizeX":0,"sizeY":0},{"fieldType":"FormField","id":"docentetres","name":"Docente Tres","type":"text","value":null,"required":true,"readOnly":false,"overrideId":false,"placeholder":null,"layout":null,"sizeX":0,"sizeY":0},{"fieldType":"ExpressionFormField","id":"label","name":"Label","type":"expression","value":null,"required":false,"readOnly":false,"overrideId":false,"placeholder":null,"layout":null,"sizeX":0,"sizeY":0,"expression":"${fechaIniPostulacion}"},{"fieldType":"ExpressionFormField","id":"label","name":"Label","type":"expression","value":null,"required":false,"readOnly":false,"overrideId":false,"placeholder":null,"layout":null,"sizeX":0,"sizeY":0,"expression":"${fechaFinPostulacion}"},{"fieldType":"FormField","id":"referente","name":"Referente","type":"text","value":null,"required":true,"readOnly":false,"overrideId":false,"placeholder":null,"layout":null,"sizeX":0,"sizeY":0}],"outcomes":[]}}