{"id":"07fbe9f6-cde5-4551-990e-e34ac13d618e","name":"Ingresar al orden del dia","key":"ingresarordendeldia","description":"","editorJson":{"name":"Ingresar al orden del dia","key":"ingresarordendeldia","version":0,"fields":[{"fieldType":"FormField","id":"fechaingreso","name":"Fecha ingreso","type":"date","value":null,"required":true,"readOnly":false,"overrideId":false,"placeholder":null,"layout":null,"sizeX":0,"sizeY":0},{"fieldType":"FormField","id":"observaciones","name":"Observaciones","type":"multi-line-text","value":null,"required":false,"readOnly":false,"overrideId":false,"placeholder":null,"layout":null,"sizeX":0,"sizeY":0}],"outcomes":[]}}