{"id":"146cc63d-7436-4404-ba5f-9dc005e3a63b","name":"Recibir Informacion","key":"RecibirInformacion","description":"","editorJson":{"name":"Recibir Informacion","key":"RecibirInformacion","version":0,"fields":[{"fieldType":"FormField","id":"nombreactualizado","name":"Nombre Actualizado","type":"text","value":null,"required":false,"readOnly":false,"overrideId":false,"placeholder":null,"layout":null,"sizeX":0,"sizeY":0},{"fieldType":"FormField","id":"creditosactualizados","name":"Creditos Actualizados","type":"integer","value":null,"required":false,"readOnly":false,"overrideId":false,"placeholder":null,"layout":null,"sizeX":0,"sizeY":0}],"outcomes":[]}}