{"id":"8610f56b-a76a-4098-befe-1f438070d795","name":"Elaborar Informe de Evaluacion","key":"elaborarinformeevaluacion","description":"","editorJson":{"name":"Elaborar Informe de Evaluacion","key":"elaborarinformeevaluacion","version":0,"fields":[{"fieldType":"FormField","id":"informe","name":"Informe","type":"multi-line-text","value":null,"required":true,"readOnly":false,"overrideId":false,"placeholder":"ingrese el informe","layout":null,"sizeX":0,"sizeY":0},{"fieldType":"OptionFormField","id":"priorizarporresultadosdeentrevista","name":"Priorizar por resultados de entrevista","type":"radio-buttons","value":"No","required":false,"readOnly":false,"overrideId":false,"placeholder":null,"layout":null,"sizeX":0,"sizeY":2,"optionType":null,"hasEmptyValue":null,"options":[{"id":null,"name":"No"},{"id":null,"name":"Si"}]}],"outcomes":[]}}