{"id":"449a94fd-5f36-4d20-951e-df8487bbdb2d","name":"Evaluar propuesta y definir fechas","key":"EvaluarPropuestaDefinirFechas","description":"","editorJson":{"name":"Evaluar propuesta y definir fechas","key":"EvaluarPropuestaDefinirFechas","version":0,"fields":[{"fieldType":"FormField","id":"nombre","name":"Nombre","type":"text","value":null,"required":false,"readOnly":false,"overrideId":false,"placeholder":null,"layout":null,"sizeX":0,"sizeY":0},{"fieldType":"ExpressionFormField","id":"label","name":"Label","type":"expression","value":null,"required":false,"readOnly":false,"overrideId":false,"placeholder":null,"layout":null,"sizeX":0,"sizeY":0,"expression":"${fechaIniMov}"},{"fieldType":"ExpressionFormField","id":"label","name":"Label","type":"expression","value":null,"required":false,"readOnly":false,"overrideId":false,"placeholder":null,"layout":null,"sizeX":0,"sizeY":0,"expression":"${fechaFinMov}"},{"fieldType":"FormField","id":"bases","name":"Bases","type":"multi-line-text","value":null,"required":false,"readOnly":false,"overrideId":false,"placeholder":null,"layout":null,"sizeX":0,"sizeY":0},{"fieldType":"FormField","id":"fechainiciopostulaciones","name":"Fecha inicio postulaciones","type":"date","value":null,"required":false,"readOnly":false,"overrideId":false,"placeholder":null,"layout":null,"sizeX":0,"sizeY":0},{"fieldType":"FormField","id":"fechafinpostulaciones","name":"Fecha fin postulaciones","type":"date","value":null,"required":false,"readOnly":false,"overrideId":false,"placeholder":null,"layout":null,"sizeX":0,"sizeY":0}],"outcomes":[]}}