{"id":"2e825368-7557-43ed-8c1b-8f120a2db049","name":"Firmar Contratos","key":"firmarcontratos","description":"","editorJson":{"name":"Firmar Contratos","key":"firmarcontratos","version":0,"fields":[{"fieldType":"ExpressionFormField","id":"label","name":"Label","type":"expression","value":null,"required":false,"readOnly":false,"overrideId":false,"placeholder":null,"layout":null,"sizeX":0,"sizeY":0,"expression":"${postulacion.getContrato()}"},{"fieldType":"FormField","id":"firmarcontrato","name":"Firmar Contrato","type":"boolean","value":null,"required":false,"readOnly":false,"overrideId":false,"placeholder":null,"layout":null,"sizeX":0,"sizeY":0}],"outcomes":[]}}