{"id":"bc2f195a-8c0e-403f-a027-613e4f5c7c19","name":"Postularse","key":"postularse","description":"","editorJson":{"name":"Postularse","key":"postularse","version":0,"fields":[{"fieldType":"FormField","id":"nombrepostulante","name":"Nombre Postulante","type":"text","value":null,"required":true,"readOnly":false,"overrideId":false,"placeholder":null,"layout":null,"sizeX":0,"sizeY":0},{"fieldType":"FormField","id":"apellidopostulante","name":"Apellido Postulante","type":"text","value":null,"required":true,"readOnly":false,"overrideId":false,"placeholder":null,"layout":null,"sizeX":0,"sizeY":0},{"fieldType":"FormField","id":"cedulapostulante","name":"Cedula Postulante","type":"text","value":null,"required":true,"readOnly":false,"overrideId":false,"placeholder":null,"layout":null,"sizeX":0,"sizeY":0},{"fieldType":"FormField","id":"carrerapostulante","name":"Carrera Postulante","type":"text","value":null,"required":true,"readOnly":false,"overrideId":false,"placeholder":null,"layout":null,"sizeX":0,"sizeY":0},{"fieldType":"FormField","id":"creditospostulante","name":"Creditos Postulante","type":"integer","value":null,"required":true,"readOnly":false,"overrideId":false,"placeholder":null,"layout":null,"sizeX":0,"sizeY":0},{"fieldType":"FormField","id":"universidadpostulante","name":"Universidad Postulante","type":"integer","value":null,"required":true,"readOnly":false,"overrideId":false,"placeholder":null,"layout":null,"sizeX":0,"sizeY":0}],"outcomes":[]}}