{"id":"289dcd49-4526-4a22-a4f6-8bfb865d9f93","name":"Recibir Informacion","key":"RecibirInformacion","description":"","editorJson":{"name":"Recibir Informacion","key":"RecibirInformacion","version":0,"fields":[{"fieldType":"FormField","id":"nombreactualizado","name":"Nombre Actualizado","type":"text","value":null,"required":false,"readOnly":false,"overrideId":false,"placeholder":null,"layout":null,"sizeX":0,"sizeY":0},{"fieldType":"FormField","id":"creditosactualizados","name":"Creditos Actualizados","type":"integer","value":null,"required":false,"readOnly":false,"overrideId":false,"placeholder":null,"layout":null,"sizeX":0,"sizeY":0}],"outcomes":[]}}