{"id":"6a3fd375-6648-4973-9ea9-48d21a99db3f","name":"analizarpropuestaDT","key":"analizarpropuestaDT","description":null,"editorJson":{"id":"6a3fd375-6648-4973-9ea9-48d21a99db3f","name":"analizarpropuestaDT","key":"analizarpropuestaDT","hitIndicator":"FIRST","inputExpressions":[{"id":"13","variableId":"existeexpediente","variableType":null,"type":null,"label":"existeexpediente","entries":null,"newVariable":false},{"id":"14","variableId":"tieneinforme","variableType":null,"type":null,"label":"tieneinforme","entries":null,"newVariable":false},{"id":"16","variableId":"informerechazado","variableType":null,"type":null,"label":"informerechazado","entries":null,"newVariable":false}],"outputExpressions":[{"id":"17","variableId":"aprueba","variableType":null,"type":"boolean","label":"aprueba","entries":null,"newVariable":false}],"rules":[{"13":"== false","14":"== false","16":"== false","17":"true"},{"13":"== false","14":"== false","16":"== true","17":"true"},{"13":"== false","14":"== true","16":"== false","17":"true"},{"13":"== false","14":"== true","16":"== true","17":"true"},{"13":"== true","14":"== false","16":"== false","17":"false"},{"13":"== true","14":"== false","16":"== true","17":"false"},{"13":"== true","14":"== true","16":"== false","17":"true"},{"13":"== true","14":"== true","16":"== true","17":"false"}]}}